column,test,type,null_pct,n_categories,chi2_statistic,degrees_of_freedom,p_value,significant,strength_score,top_win_rate_categories,bottom_win_rate_categories,won_mean,churned_mean,t_statistic
Band,chi-squared,categorical,0.0,13.0,138.0986,12.0,0.0,True,100,"{'Band I': 100.0, 'Group': 94.6, 'Band F1': 89.0}","{'Band A': 84.2, 'Band J': 82.1, 'Band B': 81.3}",,,
Monetary_Price_Increase_Mentioned,t-test (Welch),numeric,0.0,,,,0.0,True,94,,,0.0534,0.0284,-6.2585
Percentage_Price_Increase_Mentioned,t-test (Welch),numeric,0.0,,,,0.0,True,100,,,0.0114,0.0009,-9.4738
Price_Switching_Mentioned,t-test (Welch),numeric,0.0,,,,0.0,True,100,,,0.0323,0.0914,9.4409
Agent_Flagged_Membership_Status_Alert,t-test (Welch),numeric,0.0,,,,0.0,True,100,,,0.7008,0.5235,-15.7819
Renewal_Impact_Due_to_Price_Increase,t-test (Welch),numeric,0.0,,,,0.0,True,100,,,0.0361,0.2786,25.3095
Mentioned_Competitors,chi-squared,categorical,0.0,3.0,320.4775,2.0,0.0,True,100,"{'No': 87.2, 'Yes': 69.2}","{'No': 87.2, 'Yes': 69.2}",,,
Customer_Asked_For_Justification,t-test (Welch),numeric,0.0,,,,0.0,True,98,,,0.0896,0.055,-6.4042
Proforma_Membership_Status,chi-squared,categorical,0.0,4.0,617.3908,3.0,0.0,True,100,"{'Accredited': 90.3, 'In Progress': 82.3, 'Member Only': 74.5}","{'In Progress': 82.3, 'Member Only': 74.5, 'Unknown': 14.3}",,,
Proforma_Account_Stage,chi-squared,categorical,0.0,6.0,764.8182,5.0,0.0,True,100,"{'Suspended': 91.4, 'Published': 90.1, 'Renewal Process': 89.0}","{'Membership Only': 73.8, 'Vetting': 67.1, 'Unknown': 14.3}",,,
Proforma_World_Pay_Token,chi-squared,categorical,0.0,3.0,60.5286,2.0,0.0,True,100,"{'true': 86.3, 'false': 85.5, 'Unknown': 14.3}","{'true': 86.3, 'false': 85.5, 'Unknown': 14.3}",,,
Proforma_Auto_Renewal,chi-squared,categorical,0.0,3.0,98.9107,2.0,0.0,True,100,"{'true': 86.1, 'false': 76.5, 'Unknown': 14.3}","{'true': 86.1, 'false': 76.5, 'Unknown': 14.3}",,,
Connection_Group,chi-squared,categorical,0.0,7.0,541.4848,6.0,0.0,True,100,"{'10+': 95.5, '4 to 9': 94.4, '3': 90.3}","{'1': 83.3, 'Independent': 77.6, 'Unknown': 14.3}",,,
Discount_Amount,t-test (Welch),numeric,0.0,,,,0.0,True,100,,,3.3174,8.3052,17.7073
Tenure_Years,t-test (Welch),numeric,0.0,,,,0.0,True,100,,,6.4771,4.3744,-21.1205
Proforma_Audit_Status,chi-squared,categorical,0.0,26.0,881.2812,25.0,0.0,True,100,"{'Renewal additional information received': 100.0, 'SUSPENDED - 2nd reminder SSiP Expired': 100.0, 'Renewal report sent - Awaiting information': 95.7}","{'Failed- Initial Questionnaire not received': 68.9, 'Initial Questionnaire Received': 59.8, 'Unknown': 14.3}",,,
Last_Total_Net_Paid,t-test (Welch),numeric,0.0,,,,0.0,True,100,,,931.5805,836.74,-9.3163
Discount_Offered,t-test (Welch),numeric,0.0,,,,0.0,True,100,,,0.104,0.197,10.5891
Complaint_Category,chi-squared,categorical,0.0,21.0,544.3686,20.0,0.0,True,100,"{'Login and Access': 100.0, 'Portal and Technical Issues': 98.9, 'Payment Issues': 96.9}","{'Sales and Marketing': 58.3, 'Quality and Satisfaction': 51.4, 'Cancellation and Refunds': 50.0}",,,
Payment_Timeframe,t-test (Welch),numeric,0.0,,,,0.0,True,100,,,7.0269,0.0337,-104.5824
Last_Band,chi-squared,categorical,0.0,14.0,142.5072,13.0,0.0,True,100,"{'Band F': 96.5, 'Band I': 95.0, 'Group': 94.6}","{'Band A': 84.8, 'Band J': 82.9, 'Band B': 81.4}",,,
Argument_That_Convinced_Customer_to_Stay_Category,chi-squared,categorical,0.0,16.0,101.9578,15.0,0.0,True,100,"{'Accreditation / Compliance / Trust': 100.0, 'Other (misidentified)': 100.0, 'Value Proposition / Benefits': 100.0}","{'Value of product': 71.4, 'Non-Renewal / Cancellation': 62.5, 'Cancellation': 45.8}",,,
Agent_Response_To_Cancel_Category,chi-squared,categorical,0.0,19.0,2555.7888,18.0,0.0,True,100,"{'Not applicable': 89.6, 'Payment terms / renewal conditions': 60.0, 'Adjusted account or package': 54.3}","{'Offers / Incentives': 28.1, 'Customer Retention / Growth': 12.5, 'Cancellation / Termination': 11.9}",,,
Reason_For_Renewal_Category,chi-squared,categorical,0.0,23.0,853.5026,22.0,0.0,True,100,"{'Accreditation / Compliance': 100.0, 'Membership / Loyalty Benefits': 100.0, 'Customer Relationship / Value': 100.0}","{'Contractual and Legal Aspects': 92.9, 'Not applicable': 80.3, 'Other (misidentified)': 77.8}",,,
Justification_Category,chi-squared,categorical,0.0,30.0,169.8672,29.0,0.0,True,100,"{'Employee Count / Value': 100.0, 'Customer Support / Service Excellence': 100.0, 'Payment_terms / renewal_conditions': 100.0}","{'Compliance / Accreditation / Certification Value': 76.5, 'External_factors': 76.0, 'Value of product': 69.9}",,,
Churn_Category,chi-squared,categorical,0.0,19.0,8177.0306,18.0,0.0,True,100,"{'Auto / Automatic': 100.0, 'Not recorded': 95.1, 'Payment / Invoice Issue': 92.9}","{'Account Information': 11.1, 'Audit': 0.0, 'Value of service': 0.0}",,,
Call_Direction,chi-squared,categorical,0.0,4.0,356.7902,3.0,0.0,True,100,"{'Inbound': 95.9, 'IN_BOUND': 94.9, 'Outbound': 84.3}","{'IN_BOUND': 94.9, 'Outbound': 84.3, 'OUT_BOUND': 82.0}",,,
Topic_Introduced_By,chi-squared,categorical,0.0,4.0,213.7865,3.0,0.0,True,100,"{'Agent': 91.5, 'Customer': 85.9, 'Not Discussed': 82.7}","{'Agent': 91.5, 'Customer': 85.9, 'Not Discussed': 82.7}",,,
Membership_Renewal_Decision,chi-squared,categorical,0.0,3.0,8545.1825,2.0,0.0,True,100,"{'No': 96.0, 'Not recorded': 95.4, 'Yes': 21.1}","{'No': 96.0, 'Not recorded': 95.4, 'Yes': 21.1}",,,
Agent_Response_Category,chi-squared,categorical,0.0,21.0,6788.023,20.0,0.0,True,100,"{'Complaints': 100.0, 'Payment': 98.9, 'Technical': 97.0}","{'Refund': 70.0, 'Others': 66.7, 'Cancellation / Termination / Closure': 17.5}",,,
Customer_Renewal_Response_Category,chi-squared,categorical,0.0,19.0,5431.6033,18.0,0.0,True,100,"{'Insurance': 100.0, 'Payments and Billings / Invoice': 98.4, 'Auto / Automatic': 98.4}","{'Benefits': 56.1, 'Quality / Value / Satisfaction of service': 52.2, 'Cancellation / Termination / Non-Renewal / Withdrawal': 23.8}",,,
Agent_Renewal_Pitch_Category,chi-squared,categorical,0.0,18.0,1662.5357,17.0,0.0,True,100,"{'Annual': 95.1, 'Auto / Automatic': 94.6, 'Payment and Billings / Invoice': 93.7}","{'Discounts and Offers': 57.7, 'Cancellation / Termination / Non-Renewal / Closure': 55.8, 'Benefits': 25.0}",,,
Customer_Reaction_Category,chi-squared,categorical,0.0,14.0,819.6305,13.0,0.0,True,100,"{'Payment / Billing': 100.0, 'Discount / Offer': 95.8, 'Agreement / Acceptance / Acknowledgement': 94.1}","{'Hesitation': 68.1, 'Financial Hardship / Struggle': 55.6, 'Cancellation': 9.4}",,,
Customer_Response,chi-squared,categorical,0.0,5.0,967.045,4.0,0.0,True,100,"{'Positive': 98.9, 'Neutral': 89.9, 'Not Discussed': 77.8}","{'Neutral': 89.9, 'Not Discussed': 77.8, 'Negative': 62.0}",,,
Total_Net_Paid,t-test (Welch),numeric,0.0,,,,0.0,True,100,,,1085.326,967.3301,-9.3272
Anchor_Group,chi-squared,categorical,0.0,7.0,541.4848,6.0,0.0,True,100,"{'10+': 95.5, '4 to 9': 94.4, '3': 90.3}","{'1': 83.3, 'Independent': 77.6, 'Unknown': 14.3}",,,
Last_Connections,t-test (Welch),numeric,0.0,,,,0.0,True,100,,,2.8045,1.3452,-20.1349
Membership_Net,t-test (Welch),numeric,0.0,,,,0.0,True,100,,,862.0562,734.6152,-11.915
Gross,t-test (Welch),numeric,0.0,,,,0.0,True,100,,,1299.2791,1100.7167,-13.0564
Starting_PQQ_Net,t-test (Welch),numeric,0.0,,,,0.0,True,100,,,134.4068,125.6522,-10.6907
Starting_Membership_Net,t-test (Welch),numeric,0.0,,,,0.0,True,100,,,899.6855,804.2884,-8.4857
Starting_Gross,t-test (Welch),numeric,0.0,,,,0.0,True,100,,,1367.2343,1203.7827,-10.1452
Starting_Vat,t-test (Welch),numeric,0.0,,,,0.0,True,100,,,225.3386,197.0915,-10.3572
Starting_Net,t-test (Welch),numeric,0.0,,,,0.0,True,100,,,1141.8957,1006.6912,-10.0228
Renewal_Score_At_Release,t-test (Welch),numeric,0.1,,,,0.0,True,100,,,25.6385,24.2337,-32.4791
Current_World_Pay_Token,chi-squared,categorical,0.0,2.0,1311.6879,1.0,0.0,True,100,"{'y': 95.7, 'n': 75.6}","{'y': 95.7, 'n': 75.6}",,,
Current_Auto_Renewal_Flag,chi-squared,categorical,0.0,2.0,448.4051,1.0,0.0,True,100,"{'y': 87.6, 'n': 66.7}","{'y': 87.6, 'n': 66.7}",,,
Current_Anchorings,t-test (Welch),numeric,0.0,,,,0.0,True,100,,,2.7458,1.2839,-18.7649
Tenure_Scores,t-test (Welch),numeric,0.0,,,,0.0,True,100,,,8.9773,8.3642,-35.2901
Anchoring_Score,t-test (Welch),numeric,0.0,,,,0.0,True,100,,,8.6624,8.2635,-24.9331
Status_Scores,t-test (Welch),numeric,0.0,,,,0.0,True,100,,,8.0277,0.7764,-135.268
Auto_Renewal_Score,t-test (Welch),numeric,0.0,,,,0.0,True,100,,,8.5636,8.1517,-47.4711
Total_Renewal_Score_New,t-test (Welch),numeric,0.0,,,,0.0,True,100,,,42.857,33.563,-148.0683
Sustainability_Score,t-test (Welch),numeric,0.0,,,,0.0,True,100,,,8.6261,8.0071,-98.917
Package_Net,t-test (Welch),numeric,0.0,,,,0.0,True,83,,,60.1491,51.6462,-5.8594
Last_Years_Price,t-test (Welch),numeric,0.0,,,,0.0,True,100,,,1040.3825,878.3593,-12.1086
PQQNet,t-test (Welch),numeric,0.0,,,,0.0,True,100,,,133.1282,125.5626,-8.9944
Tenure_Group,chi-squared,categorical,0.9,4.0,340.4094,3.0,0.0,True,100,"{'4+': 89.6, '3': 85.9, '2': 82.1}","{'3': 85.9, '2': 82.1, '1': 76.6}",,,
#_of_Connection,t-test (Welch),numeric,0.0,,,,0.0,True,100,,,2.9143,1.3256,-22.5125
Payment_Method,chi-squared,categorical,0.0,4.0,15810.0,3.0,0.0,True,100,"{'BACS': 100.0, 'CARD': 100.0, 'WORLD PAY': 100.0}","{'CARD': 100.0, 'WORLD PAY': 100.0, 'UNKNOWN': 0.0}",,,
Starting_Connection_Qty,t-test (Welch),numeric,0.0,,,,0.0,True,100,,,3.562,3.0648,-11.813
Starting_Connection_Net,t-test (Welch),numeric,0.0,,,,0.0,True,100,,,245.1441,219.4658,-8.8952
Amount,t-test (Welch),numeric,0.0,,,,0.0,True,100,,,1141.8957,1006.6912,-10.0228
Connection_Qty,t-test (Welch),numeric,0.0,,,,0.0,True,100,,,3.3922,3.0453,-9.6366
Connection_Net,t-test (Welch),numeric,0.0,,,,0.0,True,100,,,194.9844,169.929,-10.0079
Total_Amount,t-test (Welch),numeric,0.0,,,,0.0,True,100,,,1085.326,920.9499,-12.8863
datediff,t-test (Welch),numeric,0.0,,,,0.0,True,100,,,7.0269,11.5732,22.3921
Discount_or_Waiver_Requested,t-test (Welch),numeric,0.0,,,,9e-06,True,50,,,0.0493,0.0311,-4.4439
Serious_Complaint,t-test (Welch),numeric,0.0,,,,5.8e-05,True,42,,,0.0099,0.0231,4.026
Explicit_Competitor_Mention,t-test (Welch),numeric,0.0,,,,7.6e-05,True,41,,,0.0114,0.0248,3.9622
Call_Year,t-test (Welch),numeric,0.0,,,,0.000136,True,39,,,2024.7207,2024.7737,3.8197
Other_Complaint,t-test (Welch),numeric,0.0,,,,0.000189,True,37,,,0.2433,0.2813,3.7377
Renewal_Year,t-test (Welch),numeric,0.0,,,,0.000333,True,35,,,2024.7127,2024.7622,3.5923
Agent_Renewal_Initiation,t-test (Welch),numeric,0.0,,,,0.002259,True,26,,,0.7167,0.7471,3.0564
Explicit_Switching_Intent,t-test (Welch),numeric,0.0,,,,0.003298,True,25,,,0.0003,0.0044,2.9416
Proforma_Date_Is_Null,t-test (Welch),numeric,0.0,,,,0.006705,True,22,,,0.0016,0.0062,2.7135
Discussion_on_Price_Increase,t-test (Welch),numeric,0.0,,,,0.169039,False,8,,,0.1217,0.1118,-1.3756
Registration_Date_Is_Null,t-test (Welch),numeric,0.0,,,,0.169206,False,8,,,0.0083,0.0115,1.3751
Starting_Package_Net,t-test (Welch),numeric,0.0,,,,0.253888,False,6,,,67.8179,66.0603,-1.1412
Call_Reschedule_Request,t-test (Welch),numeric,0.0,,,,0.785202,False,1,,,0.0195,0.0186,-0.2726
